target_selectivity,window_days,start_day,end_day,achieved_selectivity,kernel_ms_min,kernel_ms_median, kernel_ms_max,total_execution_time_median,overhead_ms,overhead_percentage, gpu_to_cpu_transfer_in_ms,cpu_reduction_time_in_ms,thread_utilization_percentage,wasted_threads_percentage,data_efficiency_percentage,useful_data_MB, total_data_MB,bandwidth_GB_per_sec,cpu_result,gpu_result,abs_error
0.001000000,3,8766,8769,0.000332599,1.081354000,1.082656000,1.771875000,1.250500000,0.167844000,13.422151140,0.017100000,0.000000000,0.033259932,99.966740068,0.033259932,0.023952000,72.014580000,66.689810983,4497410.821325099,4497401.690000000,9.131325099
0.010000000,25,8766,8791,0.002801766,1.118645000,1.121093000,1.564947000,1.233900000,0.112807000,9.142312991,0.013000000,0.000100000,0.280176598,99.719823402,0.280176598,0.201768000,72.014580000,64.403331392,38541791.436248213,38541715.090000004,76.346248209
0.050000000,121,8766,8887,0.013690894,1.200364000,1.212604000,1.875364000,1.327800000,0.115196000,8.675704172,0.012000000,0.000100000,1.369089426,98.630910574,1.369089426,0.985944000,72.014580000,59.543036309,188171351.492084533,188170977.939999998,373.552084535
0.100000000,241,8766,9007,0.027268811,1.227708000,1.245989000,1.257760000,1.494200000,0.248211000,16.611631642,0.011400000,0.000000000,2.726881140,97.273118860,2.726881140,1.963752000,72.014580000,57.947641592,374675196.128506124,374674450.889999986,745.238506138
0.250000000,601,8766,9367,0.068270675,1.242656000,1.256822000,1.940677000,1.425200000,0.168378000,11.814341847,0.014100000,0.000100000,6.827067519,93.172932481,6.827067519,4.916484000,72.014580000,57.448170067,938976849.653663993,938974984.879999995,1864.773663998
0.500000000,1202,8766,9968,0.136528353,1.293072000,1.309739000,1.859270000,1.521000000,0.211261000,13.889612097,0.014600000,0.000100000,13.652835301,86.347164699,13.652835301,9.832032000,72.014580000,55.127108531,1881658894.976407528,1881655163.960000038,3731.016407490
1.000000000,1796,8766,10562,0.197085923,1.310572000,1.345312000,2.117656000,1.466100000,0.120788000,8.238728600,0.014600000,0.000100000,19.708592343,80.291407657,19.708592343,14.193060000,72.014580000,53.669426869,2714962200.827624798,2714956812.949999809,5387.877624989
