target_s,window_days_W,lo_day,hi_day,achieved_s,kernel_ms_min, kernel_ms_med, kernel_ms_max,wall_ms_med, overhead_ms, overhead_pct,d2h_ms, cpu_finalize_ms,thread_utilization_pct, wasted_threads_pct,data_efficiency_pct, useful_data_MB, total_data_MB,theoritical_GBps_med,abs_error
0.001000000,3,8766,8769,0.000332599,1.066718000,1.071666000,2.208854000,1.335200000,0.263534000,19.737417615,0.007600000,0.000000000,0.033259932,99.966740068,0.033259932,0.023952000,72.014580000,67.373719051,9.131325099
0.010000000,25,8766,8791,0.002801766,1.107760000,1.113593000,2.256927000,1.327600000,0.214007000,16.119840313,0.007300000,0.000100000,0.280176598,99.719823402,0.280176598,0.201768000,72.014580000,64.837085003,76.346248209
0.050000000,121,8766,8887,0.013690894,1.229166000,1.246718000,1.330052000,1.411200000,0.164482000,11.655470522,0.009900000,0.000000000,1.369089426,98.630910574,1.369089426,0.985944000,72.014580000,57.913757562,373.552084535
0.100000000,241,8766,9007,0.027268811,1.228958000,1.235208000,1.731458000,1.441200000,0.205992000,14.293089092,0.008700000,0.000000000,2.726881140,97.273118860,2.726881140,1.963752000,72.014580000,58.453413514,745.238506138
0.250000000,601,8766,9367,0.068270675,1.235416000,1.245364000,1.263906000,1.445900000,0.200536000,13.869285566,0.008300000,0.000000000,6.827067519,93.172932481,6.827067519,4.916484000,72.014580000,57.976723271,1864.773663998
0.500000000,1202,8766,9968,0.136528353,1.268177000,1.278125000,1.927864000,1.477700000,0.199575000,13.505786019,0.006300000,0.000000000,13.652835301,86.347164699,13.652835301,9.832032000,72.014580000,56.490659364,3731.016407490
1.000000000,1796,8766,10562,0.197085923,1.280468000,1.289114000,1.835572000,1.364200000,0.075086000,5.504031667,0.007300000,0.000000000,19.708592343,80.291407657,19.708592343,14.193060000,72.014580000,56.009107030,5387.877624989
