target_s,window_days_W,lo_day,hi_day,achieved_s,kernel_ms_min,kernel_ms_med,kernel_ms_max,GBps_med,abs_error
0.001000000,3,8766,8769,0.000332599,1.089166000,1.098020000,1.297031000,65.756656527,9.131325099
0.010000000,25,8766,8791,0.002801766,1.120729000,1.144739000,1.906145000,63.073000920,76.346248209
0.050000000,121,8766,8887,0.013690894,1.218802000,1.246354000,1.420833000,57.930671382,373.552084535
0.100000000,241,8766,9007,0.027268811,1.227500000,1.244114000,1.921927000,58.034974287,745.238506138
0.250000000,601,8766,9367,0.068270675,1.263437000,1.275156000,2.037656000,56.622188971,1864.773663998
0.500000000,1202,8766,9968,0.136528353,1.299947000,1.330729000,1.673125000,54.257571602,3731.016407490
1.000000000,1796,8766,10562,0.197085923,1.300260000,1.361562000,2.083958000,53.028891817,5387.877624989
